prediction_date,ticker,predicted_return,predicted_price,current_price,prediction_confidence
2023-02-01,AAA,0.08434134256399942,8.590152115792003,7.922,0.95
2023-02-01,ACB,0.070668664437274,15.81698817973185,14.773,0.95
2023-02-01,ANV,0.15045667845174968,16.284714283484515,14.155,0.95
2023-02-01,BCG,0.07022988933203148,7.063517269591407,6.6,0.95
2023-02-01,BCM,0.021538754982922945,83.38105779797112,81.623,0.95
2023-02-01,BID,0.0315494001363651,32.37724102208009,31.387,0.95
2023-02-01,BMP,0.040393755199339895,48.68522577455311,46.795,0.95
2023-02-01,BSI,0.04561055326069111,16.861515781881906,16.126,0.95
2023-02-01,BVH,0.025779785580955027,48.92661843285481,47.697,0.95
2023-02-01,BWE,0.005625226812458287,40.311492842004206,40.086,0.95
2023-02-01,CII,0.0402298677622473,13.442890581091522,12.923,0.95
2023-02-01,CMG,0.033515248664593315,30.31300224333252,29.33,0.95
2023-02-01,CTD,0.049015471247241704,28.338103940272987,27.014,0.95
2023-02-01,CTG,0.019696356711015217,26.463159849364267,25.952,0.95
2023-02-01,CTR,0.06502984123213033,61.407490585762176,57.658,0.95
2023-02-01,CTS,0.02277080949629723,14.42106841389779,14.1,0.95
2023-02-01,DBC,0.029353716537856192,13.859218439465696,13.464,0.95
2023-02-01,DCM,-0.0011657106153293382,23.03811288465743,23.065,0.95
2023-02-01,DGC,-0.011779866003776085,54.81854727303853,55.472,0.95
2023-02-01,DGW,0.012320382400965633,30.89601807087747,30.52,0.95
2023-02-01,DIG,0.035060205982900716,15.916120787399063,15.377,0.95
2023-02-01,DPM,-0.017167513176435233,32.94159646086542,33.517,0.95
2023-02-01,DXG,0.031409867597063865,13.024643808015721,12.628,0.95
2023-02-01,DXS,0.0036214160741451333,5.465722231939795,5.446,0.95
2023-02-01,EIB,-0.045729915167726905,15.925813445765804,16.689,0.95
2023-02-01,EVF,-0.000670159115973691,7.246140676250075,7.251,0.95
2023-02-01,FPT,0.026395853962787756,61.32817867013053,59.751,0.95
2023-02-01,FRT,0.000595312274860225,60.69811283321758,60.662,0.95
2023-02-01,FTS,0.03516411175287569,12.02343115800965,11.615,0.95
2023-02-01,GAS,0.011528222579637393,78.91336275632783,78.014,0.95
2023-02-01,GEX,0.015448852063886336,13.049533197873004,12.851,0.95
2023-02-01,GMD,0.07370935688694089,44.4719678529002,41.419,0.95
2023-02-01,GVR,0.05530016192940709,15.973023250963506,15.136,0.95
2023-02-01,HAG,0.00398446463315898,8.945501579881448,8.91,0.95
2023-02-01,HCM,0.07241800023611238,15.895379599499655,14.822,0.95
2023-02-01,HDB,0.05820191541544945,13.276201230802227,12.546,0.95
2023-02-01,HDC,0.020471009475649313,21.116606599079613,20.693,0.95
2023-02-01,HDG,0.0001723311953735658,23.458041855856294,23.454,0.95
2023-02-01,HHV,0.18218862696265292,12.466179071321175,10.545,0.95
2023-02-01,HPG,0.07533033599222616,20.62698650500288,19.182,0.95
2023-02-01,HSG,0.1186976007206198,15.064381891303865,13.466,0.95
2023-02-01,HT1,0.1526405914392266,14.874826832523219,12.905,0.95
2023-02-01,IMP,-0.022973829843488384,23.67529815523259,24.232,0.95
2023-02-01,KBC,0.035253082632939706,25.156649907980437,24.3,0.95
2023-02-01,KDC,-0.02683126698069775,58.0203198626108,59.62,0.95
2023-02-01,KDH,-0.01989921465201962,21.46518729990612,21.901,0.95
2023-02-01,KOS,-0.023260972751500086,35.30911583503327,36.15,0.95
2023-02-01,LPB,0.04391916260839234,8.925508840301756,8.55,0.95
2023-02-01,MBB,0.04470842842568588,14.249822963726356,13.64,0.95
2023-02-01,MSB,0.014979359261399513,10.149793592613996,10.0,0.95
2023-02-01,MSN,0.015807414220549862,96.70486583379635,95.2,0.95
2023-02-01,MWG,0.026176378435216384,47.49554749949556,46.284,0.95
2023-02-01,NAB,0.08599951046743695,7.240358736286402,6.667,0.95
2023-02-01,NKG,0.10751481162238233,12.768538263194445,11.529,0.95
2023-02-01,NLG,-0.03429558155597892,26.378216189798437,27.315,0.95
2023-02-01,NT2,-0.0038501610914801927,23.577870537125758,23.669,0.95
2023-02-01,OCB,0.010732015134764409,10.163921144195191,10.056,0.95
2023-02-01,PAN,0.03122299425481015,16.511942584008022,16.012,0.95
2023-02-01,PC1,0.09935339783731956,20.201718038658587,18.376,0.95
2023-02-01,PDR,0.021008672663603185,12.822847919982191,12.559,0.95
2023-02-01,PHR,0.03260980606910348,41.106131159998874,39.808,0.95
2023-02-01,PLX,0.07382121894180148,36.81381284898178,34.283,0.95
2023-02-01,PNJ,0.02948266901768073,85.30911085081914,82.866,0.95
2023-02-01,POW,0.04866904526472976,12.531595090913521,11.95,0.95
2023-02-01,PPC,0.06272816747349406,11.63687343383476,10.95,0.95
2023-02-01,PTB,0.06743571040224626,43.5300282702036,40.78,0.95
2023-02-01,PVD,0.05345123428316148,20.75298931537828,19.7,0.95
2023-02-01,PVT,-0.015833375560893235,17.455179251051998,17.736,0.95
2023-02-01,REE,0.00072612103235051,52.914394375706564,52.876,0.95
2023-02-01,SAB,0.02953959075935638,86.4669120695153,83.986,0.95
2023-02-01,SBT,0.037253754876125894,13.50193212722253,13.017,0.95
2023-02-01,SCS,0.0201081176693057,63.98016103210118,62.719,0.95
2023-02-01,SHB,0.02832359355284404,7.970536173628095,7.751,0.95
2023-02-01,SIP,0.15287004403654675,40.3838847725562,35.029,0.95
2023-02-01,SJS,-0.00747464250745496,47.3434595523944,47.7,0.95
2023-02-01,SSB,0.02367221489633639,25.141389597854022,24.56,0.95
2023-02-01,SSI,0.05211569568942099,15.923771054259388,15.135,0.95
2023-02-01,STB,0.05804090963878725,27.13874933223489,25.65,0.95
2023-02-01,SZC,0.05497733937264949,20.964509688013294,19.872,0.95
2023-02-01,TCB,0.011448564270304024,13.830547667832136,13.674,0.95
2023-02-01,TCH,0.03763150892206206,7.603763697380871,7.328,0.95
2023-02-01,TLG,0.055386502979267914,45.653909345877175,43.258,0.95
2023-02-01,TPB,0.06383701672770144,12.337317882991153,11.597,0.95
2023-02-01,VCB,0.05452677758479457,53.21353025048391,50.462,0.95
2023-02-01,VCG,0.10346187679938808,17.591389239935843,15.942,0.95
2023-02-01,VCI,0.07252175243440656,22.268769145795588,20.763,0.95
2023-02-01,VGC,0.026407949282019255,35.315618310946434,34.407,0.95
2023-02-01,VHC,-0.00339280815751241,53.825757824220915,54.009,0.95
2023-02-01,VHM,0.005006359474219089,48.24030525476252,48.0,0.95
2023-02-01,VIB,0.11207910305404147,15.833782269283443,14.238,0.95
2023-02-01,VIC,0.011477863490324943,55.83357806466594,55.2,0.95
2023-02-01,VIX,0.05181113042444325,5.377910309860179,5.113,0.95
2023-02-01,VJC,0.009834794408377302,115.02018308311416,113.9,0.95
2023-02-01,VND,0.046040683075420266,13.684304215992649,13.082,0.95
2023-02-01,VNM,0.004163518885279768,67.99693268131672,67.715,0.95
2023-02-01,VPB,0.005673304789125073,16.215476366419853,16.124,0.95
2023-02-01,VPI,-0.020310069189280255,42.28145803392904,43.158,0.95
2023-02-01,VRE,0.030050326747921734,28.841409148941807,28.0,0.95
2023-02-01,VTP,0.04402081819607548,26.409550617087927,25.296,0.95
2023-03-01,AAA,0.0581737220271108,9.247380156794922,8.739,0.95
2023-03-01,ACB,0.002453374043313411,14.780172546894613,14.744,0.95
2023-03-01,ANV,0.047808618714431685,15.903639214847646,15.178,0.95
2023-03-01,BCG,-0.040749016548945576,5.589555480569294,5.827,0.95
2023-03-01,BCM,0.0038078393913835943,82.2269191637452,81.915,0.95
2023-03-01,BID,0.020962156309202697,34.178750106763175,33.477,0.95
2023-03-01,BMP,0.004219562529631294,46.68717168156509,46.491,0.95
2023-03-01,BSI,-0.023530884020692165,14.329684276996343,14.675,0.95
2023-03-01,BVH,-0.0034747148248027676,47.0080907522844,47.172,0.95
2023-03-01,BWE,-0.023455687055984234,37.39676446419109,38.295,0.95
2023-03-01,CII,-0.006980287032394951,12.025468724037697,12.11,0.95
2023-03-01,CMG,-0.025868281721891526,28.090062228267534,28.836,0.95
2023-03-01,CTD,-0.028132465415916685,25.5717785699764,26.312,0.95
2023-03-01,CTG,-0.016257897172784135,24.869984101574843,25.281,0.95
2023-03-01,CTR,-0.04866998499507952,51.2548072184201,53.877,0.95
2023-03-01,CTS,-0.002312601240602268,13.119589293686081,13.15,0.95
2023-03-01,DBC,-0.04731417593422699,11.187389632004372,11.743,0.95
2023-03-01,DCM,-0.038017123149057565,19.649462242557348,20.426,0.95
2023-03-01,DGC,-0.054866280086182384,43.952498510872175,46.504,0.95
2023-03-01,DGW,-0.027918505945463336,27.118157439639408,27.897,0.95
2023-03-01,DIG,-0.058041231015220504,11.197063886922074,11.887,0.95
2023-03-01,DPM,-0.049427508253071524,29.034286187918184,30.544,0.95
2023-03-01,DXG,-0.10132720919167086,8.408881303593535,9.357,0.95
2023-03-01,DXS,-0.02206501145294255,5.016806491246404,5.13,0.95
2023-03-01,EIB,-0.05319906936779015,13.280776653978007,14.027,0.95
2023-03-01,EVF,-0.022997167388360044,6.70810144871152,6.866,0.95
2023-03-01,FPT,-0.0076457308396748755,58.20951672040635,58.658,0.95
2023-03-01,FRT,0.017170460380849475,62.93233638376316,61.87,0.95
2023-03-01,FTS,-0.01740161401614523,10.494150762307568,10.68,0.95
2023-03-01,GAS,-0.0067885868545064215,76.39384905349878,76.916,0.95
2023-03-01,GEX,-0.03795606505192618,10.564204449664798,10.981,0.95
2023-03-01,GMD,-0.011481988324521892,40.14865904419955,40.615,0.95
2023-03-01,GVR,-0.012747936015709834,13.837324928803811,14.016,0.95
2023-03-01,HAG,-0.047818265466322965,7.331799355909314,7.7,0.95
2023-03-01,HCM,-0.0036928685781697154,15.113979183669166,15.17,0.95
2023-03-01,HDB,0.001332575973958021,11.702573815407646,11.687,0.95
2023-03-01,HDC,0.004971873434859731,19.816035400388564,19.718,0.95
2023-03-01,HDG,-0.03645889713574961,20.70168059503842,21.485,0.95
2023-03-01,HHV,0.04461957118286784,11.363371695327237,10.878,0.95
2023-03-01,HPG,-0.0009125031196099889,18.98266244072741,19.0,0.95
2023-03-01,HSG,0.05849561530958662,15.12907782961992,14.293,0.95
2023-03-01,HT1,0.053094014829147496,14.863368925298587,14.114,0.95
2023-03-01,IMP,-0.04487360434607499,20.125468282823856,21.071,0.95
2023-03-01,KBC,-0.0362175220358429,21.492349258600704,22.3,0.95
2023-03-01,KDC,-0.04254761842430779,52.14764396252008,54.465,0.95
2023-03-01,KDH,-0.020990860922151452,19.94437418129393,20.372,0.95
2023-03-01,KOS,0.02791299096551424,38.85511105849643,37.8,0.95
2023-03-01,LPB,0.012701228420689159,8.971520182578885,8.859,0.95
2023-03-01,MBB,-0.0474392199109632,12.132766655994061,12.737,0.95
2023-03-01,MSB,-0.03131259499798627,9.239340468909207,9.538,0.95
2023-03-01,MSN,-0.06948653705353919,74.9063337671901,80.5,0.95
2023-03-01,MWG,-0.06987545631627332,37.29148332991166,40.093,0.95
2023-03-01,NAB,-0.006590901015760918,6.24059595981899,6.282,0.95
2023-03-01,NKG,0.035177734624245144,12.176795692384996,11.763,0.95
2023-03-01,NLG,-0.03464893022363286,23.90305783873263,24.761,0.95
2023-03-01,NT2,0.032579038079150045,25.900180012139316,25.083,0.95
2023-03-01,OCB,-0.056957036630799845,8.409114104363157,8.917,0.95
2023-03-01,PAN,-0.00420241525662866,15.505564192039035,15.571,0.95
2023-03-01,PC1,0.08623780612116141,23.410597197523273,21.552,0.95
2023-03-01,PDR,-0.11773828231409014,8.28973109937681,9.396,0.95
2023-03-01,PHR,-0.01515723006800642,36.86660424963424,37.434,0.95
2023-03-01,PLX,0.019691085776453062,37.272768258386684,36.553,0.95
2023-03-01,PNJ,-0.03554611657589469,71.53161562579905,74.168,0.95
2023-03-01,POW,0.010920467147378661,12.484867769270126,12.35,0.95
2023-03-01,PPC,0.01879007604500664,11.583643164631724,11.37,0.95
2023-03-01,PTB,-0.029325555051350694,37.384555572752284,38.514,0.95
2023-03-01,PVD,0.053538163318382154,23.17783959300441,22.0,0.95
2023-03-01,PVT,0.04550659060960711,19.240457786988596,18.403,0.95
2023-03-01,REE,-0.023042042967831765,48.76583338321771,49.916,0.95
2023-03-01,SAB,-0.000624827189176022,86.4019799405326,86.456,0.95
2023-03-01,SBT,-0.008004182807353877,12.134092835900447,12.232,0.95
2023-03-01,SCS,-0.005791580829465171,62.099252069810774,62.461,0.95
2023-03-01,SHB,-0.020454290471530693,7.162438228072168,7.312,0.95
2023-03-01,SIP,-0.013688733753559739,32.96054989542354,33.418,0.95
2023-03-01,SJS,-0.018032551527494087,43.69755145702651,44.5,0.95
2023-03-01,SSB,-0.018776746243975156,23.021459979623852,23.462,0.95
2023-03-01,SSI,-0.03145811395944656,13.786225205901237,14.234,0.95
2023-03-01,STB,-0.010029033030271639,25.145262561031096,25.4,0.95
2023-03-01,SZC,-0.025652094521642143,17.867591890662126,18.338,0.95
2023-03-01,TCB,-0.020355310889444984,12.968536394445527,13.238,0.95
2023-03-01,TCH,0.008500774044988993,6.971765850973009,6.913,0.95
2023-03-01,TLG,-0.005830004514666842,41.77701155028467,42.022,0.95
2023-03-01,TPB,0.0009458489070405821,11.755108049564285,11.744,0.95
2023-03-01,VCB,0.012179832395857248,53.3125239521222,52.671,0.95
2023-03-01,VCG,0.027104192159196426,16.414152094896117,15.981,0.95
2023-03-01,VCI,-0.013029077561484054,20.124337108521342,20.39,0.95
2023-03-01,VGC,-0.025620074283706232,31.627398008825182,32.459,0.95
2023-03-01,VHC,-0.07456361564990237,41.54191385709154,44.889,0.95
2023-03-01,VHM,-0.07647936177351128,38.049050294931334,41.2,0.95
2023-03-01,VIB,-0.03127210575676142,12.886987177117804,13.303,0.95
2023-03-01,VIC,-0.03471950838244016,50.8702819082454,52.7,0.95
2023-03-01,VIX,-0.01947936306512757,4.720226346204476,4.814,0.95
2023-03-01,VJC,-0.05220320992766811,96.20137419234169,101.5,0.95
2023-03-01,VND,-0.04540433392673698,11.55538053781685,12.105,0.95
2023-03-01,VNM,-0.004021795710065142,67.18072183576469,67.452,0.95
2023-03-01,VPB,-0.02596130966973544,14.975844863827819,15.375,0.95
2023-03-01,VPI,-0.0057288720405006596,42.58662095276128,42.832,0.95
2023-03-01,VRE,-0.025788382632354116,26.108871345452908,26.8,0.95
2023-03-01,VTP,-0.03428654743827504,22.285769344766926,23.077,0.95
2023-06-01,AAA,0.04206281785969542,11.55751871288188,11.091,0.95
2023-06-01,ACB,0.03241187094956572,15.505793889791528,15.019,0.95
2023-06-01,ANV,0.005056030796039667,16.187432432001017,16.106,0.95
2023-06-01,BCG,0.06441067145696416,9.47325497596698,8.9,0.95
2023-06-01,BCM,-0.0064236140711886325,75.01601071401119,75.501,0.95
2023-06-01,BID,-0.0013015545518233471,32.1520977527586,32.194,0.95
2023-06-01,BMP,0.030654606197097693,65.5516942633478,63.602,0.95
2023-06-01,BSI,0.06646878392360428,29.576378784553317,27.733,0.95
2023-06-01,BVH,-0.015318684503122938,41.00212997728996,41.64,0.95
2023-06-01,BWE,-0.00265904002214788,38.19317206235185,38.295,0.95
2023-06-01,CII,0.123756091668836,17.77220258974264,15.815,0.95
2023-06-01,CMG,-0.006679598324484556,28.713912851234127,28.907,0.95
2023-06-01,CTD,0.03362291250023777,48.89243100708625,47.302,0.95
2023-06-01,CTG,-7.039086916487585e-05,25.01023938358045,25.012,0.95
2023-06-01,CTR,0.05130430010402096,72.34235149875789,68.812,0.95
2023-06-01,CTS,0.08751095712844155,21.043337020435345,19.35,0.95
2023-06-01,DBC,0.1537839030466024,19.455104173171808,16.862,0.95
2023-06-01,DCM,0.018320660888714528,21.240132344816807,20.858,0.95
2023-06-01,DGC,0.031885811195910364,53.09258875765198,51.452,0.95
2023-06-01,DGW,0.02557324576629421,27.43510989749414,26.751,0.95
2023-06-01,DIG,0.09482425578687875,22.87744764892262,20.896,0.95
2023-06-01,DPM,-0.024444277390704556,27.018015737664438,27.695,0.95
2023-06-01,DXG,0.06626022215672382,14.67493943754299,13.763,0.95
2023-06-01,DXS,0.1420900569674742,7.581193798150093,6.638,0.95
2023-06-01,EIB,0.05035822788235569,17.066220486632517,16.248,0.95
2023-06-01,EVF,0.15068287325878785,9.961461633801328,8.657,0.95
2023-06-01,FPT,0.03238449033738433,62.81440193008782,60.844,0.95
2023-06-01,FRT,0.0013302152799006155,56.076494716104996,56.002,0.95
2023-06-01,FTS,0.10196554616155723,20.984729895554533,19.043,0.95
2023-06-01,GAS,0.008629294745806742,67.91000178594041,67.329,0.95
2023-06-01,GEX,0.10962870861511143,17.111584315553632,15.421,0.95
2023-06-01,GMD,-0.004425336114629401,40.83548598858625,41.017,0.95
2023-06-01,GVR,0.10535096731823171,20.226817350956324,18.299,0.95
2023-06-01,HAG,0.03756874979556157,8.425058248339958,8.12,0.95
2023-06-01,HCM,0.031595551766034874,17.866203361035957,17.319,0.95
2023-06-01,HDB,0.019824839840183826,13.20265237657102,12.946,0.95
2023-06-01,HDC,0.037604923589118246,24.6389665155472,23.746,0.95
2023-06-01,HDG,0.050445701249122635,27.608864365930692,26.283,0.95
2023-06-01,HHV,0.07032147014855797,13.07076579345419,12.212,0.95
2023-06-01,HPG,-0.00265217667409921,19.4034019028054,19.455,0.95
2023-06-01,HSG,0.005361084700913588,14.045899714356464,13.971,0.95
2023-06-01,HT1,0.025015691827055275,14.863752547184127,14.501,0.95
2023-06-01,IMP,0.006319023842890766,23.45226485065857,23.305,0.95
2023-06-01,KBC,0.03936548492854994,29.621916320463672,28.5,0.95
2023-06-01,KDC,-0.010042394650671466,61.62090110257431,62.246,0.95
2023-06-01,KDH,0.0008873945469264895,24.319561912701218,24.298,0.95
2023-06-01,KOS,0.008796632863627885,38.73779070196331,38.4,0.95
2023-06-01,LPB,0.026500292023179994,9.3483381594551,9.107,0.95
2023-06-01,MBB,0.006630487802035786,13.65695582801022,13.567,0.95
2023-06-01,MSB,0.003169643998657051,9.490988001871294,9.461,0.95
2023-06-01,MSN,-0.011891946042919533,70.94615827411837,71.8,0.95
2023-06-01,MWG,0.011012407910213151,39.044288181084525,38.619,0.95
2023-06-01,NAB,0.11610866353924264,9.301649601936047,8.334,0.95
2023-06-01,NKG,0.025519343659143233,12.263160311476035,11.958,0.95
2023-06-01,NLG,-0.019002490107010574,31.52239298539143,32.133,0.95
2023-06-01,NT2,0.04012825292644617,30.476797938997798,29.301,0.95
2023-06-01,OCB,0.06100705279940918,10.610070527994091,10.0,0.95
2023-06-01,PAN,0.007182655992309687,18.0990723281818,17.97,0.95
2023-06-01,PC1,0.03271091960162639,23.545808966917082,22.8,0.95
2023-06-01,PDR,0.04121068695809161,14.01677826782983,13.462,0.95
2023-06-01,PHR,0.08745544002429342,47.16185497841359,43.369,0.95
2023-06-01,PLX,-0.0068640650606138255,35.174888543683174,35.418,0.95
2023-06-01,PNJ,-0.035912947199458485,64.77797316472119,67.191,0.95
2023-06-01,POW,0.02055483450752182,13.930573491027673,13.65,0.95
2023-06-01,PPC,0.005535016803637151,11.93167850939196,11.866,0.95
2023-06-01,PTB,0.04746237727535758,46.00350014755642,43.919,0.95
2023-06-01,PVD,0.08384640032401046,25.90392896774385,23.9,0.95
2023-06-01,PVT,0.036553624098407386,19.444709434462027,18.759,0.95
2023-06-01,REE,0.04244292888082367,53.941209354938216,51.745,0.95
2023-06-01,SAB,-0.031418607633804004,69.17898878697082,71.423,0.95
2023-06-01,SBT,0.006188664966054208,13.762648559405692,13.678,0.95
2023-06-01,SCS,0.00011693106568700317,56.86764881732603,56.861,0.95
2023-06-01,SHB,0.03719502951175127,8.911579693564969,8.592,0.95
2023-06-01,SIP,0.14537797639674996,52.43425838146682,45.779,0.95
2023-06-01,SJS,0.04520825042003462,46.720808793775554,44.7,0.95
2023-06-01,SSB,-0.01588087244663361,22.008840168603488,22.364,0.95
2023-06-01,SSI,0.03314899515702484,18.197886400695836,17.614,0.95
2023-06-01,STB,0.055573458335890225,29.556056833404927,28.0,0.95
2023-06-01,SZC,0.047671738342027085,25.28974809183819,24.139,0.95
2023-06-01,TCB,0.020783675566792878,14.997353761427322,14.692,0.95
2023-06-01,TCH,0.08000684028644958,9.39281948997125,8.697,0.95
2023-06-01,TLG,0.05003102394924762,49.0563994078849,46.719,0.95
2023-06-01,TPB,0.0480570552428709,14.881362127393524,14.199,0.95
2023-06-01,VCB,0.019171560481732762,54.200562757979036,53.181,0.95
2023-06-01,VCG,0.05501394165347444,17.232597722967853,16.334,0.95
2023-06-01,VCI,0.04663199693135606,27.60910544705224,26.379,0.95
2023-06-01,VGC,0.10581605689599255,43.624443444546905,39.45,0.95
2023-06-01,VHC,-0.022385114750447594,45.421942798464706,46.462,0.95
2023-06-01,VHM,0.03287764616760947,54.7425152468833,53.0,0.95
2023-06-01,VIB,0.027597344360782167,14.287713475992316,13.904,0.95
2023-06-01,VIC,0.002429151740985106,52.126315890531224,52.0,0.95
2023-06-01,VIX,0.1357200632796875,8.866566534024521,7.807,0.95
2023-06-01,VJC,0.01524719967920129,98.98660196872211,97.5,0.95
2023-06-01,VND,0.09412001862933733,16.916189608028187,15.461,0.95
2023-06-01,VNM,-0.019461622729062416,56.850634575791695,57.979,0.95
2023-06-01,VPB,-0.0033995510751551883,17.03489147347237,17.093,0.95
2023-06-01,VPI,0.01395691270226917,45.204227082092565,44.582,0.95
2023-06-01,VRE,-0.002185302333072618,26.791324632357004,26.85,0.95
2023-06-01,VTP,0.12828460542248069,37.95549412641225,33.64,0.95
2023-08-01,AAA,0.03415929381818972,11.569140019944086,11.187,0.95
2023-08-01,ACB,0.017462581001408566,16.31704741151959,16.037,0.95
2023-08-01,ANV,0.002526720044213365,17.31564150860365,17.272,0.95
2023-08-01,BCG,0.05182348043210084,9.944991007485514,9.455,0.95
2023-08-01,BCM,-0.006119703414020777,76.2942270871261,76.764,0.95
2023-08-01,BID,0.03963266294716039,36.74789573719328,35.347,0.95
2023-08-01,BMP,0.047025331482621044,82.11714972285048,78.429,0.95
2023-08-01,BSI,0.04513595020928072,31.876646481383062,30.5,0.95
2023-08-01,BVH,0.02688411663129377,46.28577467303894,45.074,0.95
2023-08-01,BWE,0.02897084116811526,40.369613011548665,39.233,0.95
2023-08-01,CII,0.06493214869015317,19.921685705546693,18.707,0.95
2023-08-01,CMG,0.021405654229029125,35.322250334548286,34.582,0.95
2023-08-01,CTD,-0.008190833995080707,49.04099602227924,49.446,0.95
2023-08-01,CTG,0.012749581217952293,27.55185235703439,27.205,0.95
2023-08-01,CTR,-0.008793116192794015,69.160469110764,69.774,0.95
2023-08-01,CTS,0.08063801299167621,27.448205529988574,25.4,0.95
2023-08-01,DBC,0.04256065411628262,22.28786166369789,21.378,0.95
2023-08-01,DCM,0.07705157563373848,29.549987029087248,27.436,0.95
2023-08-01,DGC,0.06640034712787049,74.76639473748213,70.111,0.95
2023-08-01,DGW,0.11396906809148626,43.71214623190992,39.24,0.95
2023-08-01,DIG,0.10165793900404635,25.879046645144054,23.491,0.95
2023-08-01,DPM,0.04250191453887059,35.770325691657725,34.312,0.95
2023-08-01,DXG,0.09380226911896479,17.936169609012786,16.398,0.95
2023-08-01,DXS,0.09216008864364553,9.482133889604132,8.682,0.95
2023-08-01,EIB,0.02260462037180538,17.092836229514727,16.715,0.95
2023-08-01,EVF,0.062140191709537475,9.27885671477452,8.736,0.95
2023-08-01,FPT,0.06394995929496107,76.21073558429805,71.63,0.95
2023-08-01,FRT,0.026106472443047975,78.18931320016026,76.2,0.95
2023-08-01,FTS,0.04142135606683237,21.551173542447028,20.694,0.95
2023-08-01,GAS,0.0271851335588086,75.69943560274996,73.696,0.95
2023-08-01,GEX,0.10480729974167502,23.335739785143662,21.122,0.95
2023-08-01,GMD,0.03576227066849527,47.56531075590931,45.923,0.95
2023-08-01,GVR,0.05203563836817763,22.52829116001616,21.414,0.95
2023-08-01,HAG,0.040332607688059664,9.258960208423732,8.9,0.95
2023-08-01,HCM,7.450750878748927e-06,19.31214388890097,19.312,0.95
2023-08-01,HDB,0.05394750550917053,14.804800609887318,14.047,0.95
2023-08-01,HDC,0.17517771308958693,35.311739922915905,30.048,0.95
2023-08-01,HDG,0.027029223870137942,29.97282086942611,29.184,0.95
2023-08-01,HHV,0.023483870560839087,14.651171607078412,14.315,0.95
2023-08-01,HPG,0.025150927651572792,25.628773191289323,25.0,0.95
2023-08-01,HSG,0.0647797659111485,18.749706897929414,17.609,0.95
2023-08-01,HT1,0.002477778342441135,16.281241598059587,16.241,0.95
2023-08-01,IMP,0.1064966917761576,32.548706685287456,29.416,0.95
2023-08-01,KBC,0.037639493997964533,33.25634578263476,32.05,0.95
2023-08-01,KDC,0.014967093579417721,63.86781933057844,62.926,0.95
2023-08-01,KDH,0.08320826063694724,32.138789093098225,29.67,0.95
2023-08-01,KOS,0.011292034510256932,39.38982474417451,38.95,0.95
2023-08-01,LPB,0.027794561874649786,10.50611601148267,10.222,0.95
2023-08-01,MBB,0.019326243404491624,16.347954291721237,16.038,0.95
2023-08-01,MSB,0.05698771062281883,11.382700655697137,10.769,0.95
2023-08-01,MSN,0.07024459002331572,92.79020595502148,86.7,0.95
2023-08-01,MWG,0.10618184581250495,56.73827923541501,51.292,0.95
2023-08-01,NAB,0.035960167461587,10.442478488012798,10.08,0.95
2023-08-01,NKG,0.040013339852592304,15.43379796341247,14.84,0.95
2023-08-01,NLG,0.06769795765539888,40.21911436692122,37.669,0.95
2023-08-01,NT2,-0.013647210251120616,25.617554655357896,25.972,0.95
2023-08-01,OCB,0.02491367729718868,10.790291194584803,10.528,0.95
2023-08-01,PAN,0.07035177225826189,23.951261607823124,22.377,0.95
2023-08-01,PC1,0.025251265069799946,21.63075119044264,21.098,0.95
2023-08-01,PDR,0.10746196040317824,20.86236841007507,18.838,0.95
2023-08-01,PHR,0.032817737019167154,49.50708540627675,47.934,0.95
2023-08-01,PLX,0.014989268389492577,39.357223871070964,38.776,0.95
2023-08-01,PNJ,0.054420993760345364,82.31442929889512,78.066,0.95
2023-08-01,POW,0.002969962511616669,13.489945995781243,13.45,0.95
2023-08-01,PPC,-6.988900474326221e-05,11.618187959653888,11.619,0.95
2023-08-01,PTB,0.03575251922161419,51.76380365313861,49.977,0.95
2023-08-01,PVD,0.006751307037002004,25.67215832944355,25.5,0.95
2023-08-01,PVT,0.016636997438688614,21.19484812260178,20.848,0.95
2023-08-01,REE,0.004997630147735478,55.567323968498435,55.291,0.95
2023-08-01,SAB,0.017868295797120938,73.48194801018575,72.192,0.95
2023-08-01,SBT,0.023729898201952104,14.611696837036462,14.273,0.95
2023-08-01,SCS,0.043513744544775086,66.07737733206424,63.322,0.95
2023-08-01,SHB,0.0664954521353887,11.549079251174124,10.829,0.95
2023-08-01,SIP,0.08638610428995087,60.19882681091476,55.412,0.95
2023-08-01,SJS,0.201715880448579,74.14586982367733,61.7,0.95
2023-08-01,SSB,0.04883171318923323,27.6555946133737,26.368,0.95
2023-08-01,SSI,0.04252446572403641,23.44012008733924,22.484,0.95
2023-08-01,STB,-0.013284711818997826,28.565407592840014,28.95,0.95
2023-08-01,SZC,0.09494652724654584,32.06879388999683,29.288,0.95
2023-08-01,TCB,0.0274545223637434,16.939642710211036,16.487,0.95
2023-08-01,TCH,0.07578340257664022,10.891231167685905,10.124,0.95
2023-08-01,TLG,-0.013008241749198788,48.51064491802688,49.15,0.95
2023-08-01,TPB,0.023116445791186976,14.538484694692768,14.21,0.95
2023-08-01,VCB,0.03610855671837506,63.20676639404775,61.004,0.95
2023-08-01,VCG,0.13593620638798345,26.968261475857116,23.741,0.95
2023-08-01,VCI,0.038326833227637296,33.16727403379041,31.943,0.95
2023-08-01,VGC,0.04228927783888426,48.15376463615646,46.2,0.95
2023-08-01,VHC,0.03534719702285174,62.02247383765394,59.905,0.95
2023-08-01,VHM,0.053139265235127575,66.137145856766,62.8,0.95
2023-08-01,VIB,0.016190782445746045,16.247874420525036,15.989,0.95
2023-08-01,VIC,0.05387080258741031,62.07299027239847,58.9,0.95
2023-08-01,VIX,0.162117820476916,14.221997886996498,12.238,0.95
2023-08-01,VJC,0.029086056385714498,104.1435089062343,101.2,0.95
2023-08-01,VND,0.008166148297438725,17.12874285957348,16.99,0.95
2023-08-01,VNM,0.04301040737777321,69.53020278702449,66.663,0.95
2023-08-01,VPB,0.05687743482253988,20.44000958946792,19.34,0.95
2023-08-01,VPI,0.024451470065246467,46.78157638052948,45.665,0.95
2023-08-01,VRE,0.035556001210891454,30.134679635236946,29.1,0.95
2023-08-01,VTP,0.028872301247794566,40.36368925025223,39.231,0.95
2023-11-01,AAA,-0.05786140561017258,7.327953987164077,7.778,0.95
2023-11-01,ACB,-0.009656872171593119,15.01261147475082,15.159,0.95
2023-11-01,ANV,-0.12598457490291443,11.19438956464347,12.808,0.95
2023-11-01,BCG,-0.09365968537349922,6.130485888133651,6.764,0.95
2023-11-01,BCM,-0.06858998242954749,52.493337180253135,56.359,0.95
2023-11-01,BID,-0.02602216860539125,28.570665706129454,29.334,0.95
2023-11-01,BMP,-0.03155224024752422,63.16409978657597,65.222,0.95
2023-11-01,BSI,-0.03350998585098207,30.532386036981627,31.591,0.95
2023-11-01,BVH,-0.03845648565719028,35.77326490760989,37.204,0.95
2023-11-01,BWE,-0.027101851955259132,36.137328810973855,37.144,0.95
2023-11-01,CII,-0.08136794293249813,12.34457758287309,13.438,0.95
2023-11-01,CMG,-0.04490956257104721,29.291668625508557,30.669,0.95
2023-11-01,CTD,0.00758946073980727,49.93210331642189,49.556,0.95
2023-11-01,CTG,-0.019225535171226688,24.048589877601522,24.52,0.95
2023-11-01,CTR,-0.0467135834784318,67.24577710784794,70.541,0.95
2023-11-01,CTS,-0.08254373342962448,19.03721753133529,20.75,0.95
2023-11-01,DBC,-0.0682682529016957,14.909571417067065,16.002,0.95
2023-11-01,DCM,-0.07798067584379763,24.49989748147861,26.572,0.95
2023-11-01,DGC,-0.04913990224425717,71.95253445727482,75.671,0.95
2023-11-01,DGW,-0.09024735417577842,29.93995957407513,32.91,0.95
2023-11-01,DIG,-0.033995627646757405,18.773328972312918,19.434,0.95
2023-11-01,DPM,-0.12103525986237704,24.029138065882336,27.338,0.95
2023-11-01,DXG,-0.004684200420069891,15.23529894416999,15.307,0.95
2023-11-01,DXS,-0.07131161692358179,5.200654945227941,5.6,0.95
2023-11-01,EIB,0.013705529383918443,15.985122492855009,15.769,0.95
2023-11-01,EVF,-0.019463624480857478,9.986762984662468,10.185,0.95
2023-11-01,FPT,-0.03695718557241658,70.5361448571195,73.243,0.95
2023-11-01,FRT,-0.021654334790137186,86.09441853846792,88.0,0.95
2023-11-01,FTS,-0.0791409620978387,19.873979756004445,21.582,0.95
2023-11-01,GAS,-0.0499164770468338,66.48589485273962,69.979,0.95
2023-11-01,GEX,-0.012413906926327923,16.659589804059774,16.869,0.95
2023-11-01,GMD,-0.027190929640832293,49.862301710329504,51.256,0.95
2023-11-01,GVR,-0.03692919148190124,16.217149344636265,16.839,0.95
2023-11-01,HAG,0.026925409411234183,8.379711340795671,8.16,0.95
2023-11-01,HCM,-0.07511515724575563,15.479797613177787,16.737,0.95
2023-11-01,HDB,0.013036209285725093,13.986990941608006,13.807,0.95
2023-11-01,HDC,0.015887156721587324,25.163524871993715,24.77,0.95
2023-11-01,HDG,-0.03565759295729683,22.056439533880706,22.872,0.95
2023-11-01,HHV,-0.08775011874893925,10.984400820144023,12.041,0.95
2023-11-01,HPG,-0.03183190310821087,21.079923973624926,21.773,0.95
2023-11-01,HSG,-0.023573704910011213,16.361975426822944,16.757,0.95
2023-11-01,HT1,-0.10373931843549712,9.616877113187117,10.73,0.95
2023-11-01,IMP,-0.04682323652082985,24.391793377431963,25.59,0.95
2023-11-01,KBC,-0.07624511781365176,24.6642553543755,26.7,0.95
2023-11-01,KDC,-0.007921183586153041,61.26979562290278,61.759,0.95
2023-11-01,KDH,0.004155555118698348,26.108044433086153,26.0,0.95
2023-11-01,KOS,-0.008103793636162229,38.23759875532594,38.55,0.95
2023-11-01,LPB,0.044331462161611164,12.576883798812283,12.043,0.95
2023-11-01,MBB,-0.037904248792986144,14.079309223163442,14.634,0.95
2023-11-01,MSB,-0.05733581768425638,9.136301255004188,9.692,0.95
2023-11-01,MSN,-0.08628200810458485,54.3662205177772,59.5,0.95
2023-11-01,MWG,-0.1126203697030907,30.90122086582927,34.823,0.95
2023-11-01,NAB,-0.011829567757872191,10.672240668214982,10.8,0.95
2023-11-01,NKG,-0.03286499199955369,13.485730551558223,13.944,0.95
2023-11-01,NLG,-0.030307997968522196,29.05003299685901,29.958,0.95
2023-11-01,NT2,-0.03519146249471903,20.622782489175382,21.375,0.95
2023-11-01,OCB,-0.010799548006744465,10.550812020960064,10.666,0.95
2023-11-01,PAN,-0.03890511933733429,16.659618661406647,17.334,0.95
2023-11-01,PC1,-0.09460295376599234,16.843101251091245,18.603,0.95
2023-11-01,PDR,-0.0294379052868658,18.41544518508701,18.974,0.95
2023-11-01,PHR,-0.04072504090089522,39.19021917903483,40.854,0.95
2023-11-01,PLX,-0.04478060701431332,29.693950050353056,31.086,0.95
2023-11-01,PNJ,-0.033542572961323354,67.77572644336831,70.128,0.95
2023-11-01,POW,-0.02330891543068996,10.450594604891617,10.7,0.95
2023-11-01,PPC,-0.03826924491227295,9.643274281264638,10.027,0.95
2023-11-01,PTB,-0.05439093142249251,48.33291632220214,51.113,0.95
2023-11-01,PVD,-0.01149953951824219,24.415961373899417,24.7,0.95
2023-11-01,PVT,-0.04114521260671776,19.834870132017436,20.686,0.95
2023-11-01,REE,-0.07682901500420362,40.60013674913013,43.979,0.95
2023-11-01,SAB,-0.07589670095312502,48.35000870943154,52.321,0.95
2023-11-01,SBT,-0.005315930286672743,12.207757587591665,12.273,0.95
2023-11-01,SCS,-0.021818831388271565,55.656552131670125,56.898,0.95
2023-11-01,SHB,-0.01518157538221138,8.79541335026147,8.931,0.95
2023-11-01,SIP,-0.08344198225485452,38.98579528478976,42.535,0.95
2023-11-01,SJS,-0.031744327931693586,54.900096606272974,56.7,0.95
2023-11-01,SSB,0.02507695681857264,23.373804769377095,22.802,0.95
2023-11-01,SSI,-0.07479356477991152,19.610675600924996,21.196,0.95
2023-11-01,STB,-0.03715813409435919,26.622577592290966,27.65,0.95
2023-11-01,SZC,-0.03182628322279695,25.412623717968028,26.248,0.95
2023-11-01,TCB,-0.05989240866335769,12.855031203937246,13.674,0.95
2023-11-01,TCH,-0.020318535236954656,10.33563945325013,10.55,0.95
2023-11-01,TLG,-0.026870899830718827,41.52925747882425,42.676,0.95
2023-11-01,TPB,-0.03035398936976219,11.5795126589463,11.942,0.95
2023-11-01,VCB,0.008603105573397038,59.23425178722003,58.729,0.95
2023-11-01,VCG,-0.07726333909162772,15.704055231999586,17.019,0.95
2023-11-01,VCI,-0.061373197259242215,24.72530723779704,26.342,0.95
2023-11-01,VGC,-0.042319530318677696,40.721531251319504,42.521,0.95
2023-11-01,VHC,-0.0942711380336911,46.35429742657372,51.179,0.95
2023-11-01,VHM,-0.06813099434655526,35.830363267374956,38.45,0.95
2023-11-01,VIB,-0.029151992751805723,13.530708677018083,13.937,0.95
2023-11-01,VIC,-0.06760768628319563,37.6686494741589,40.4,0.95
2023-11-01,VIX,-0.056989657815568806,9.655482893626392,10.239,0.95
2023-11-01,VJC,0.02874991168284892,107.40149077968942,104.4,0.95
2023-11-01,VND,-0.0828423766512903,13.517986210536634,14.739,0.95
2023-11-01,VNM,-0.0279350096183441,62.022606711301556,63.805,0.95
2023-11-01,VPB,-0.027909258727108248,16.958122981505596,17.445,0.95
2023-11-01,VPI,0.007804362583238069,45.097229616874735,44.748,0.95
2023-11-01,VRE,-0.06011721502283726,21.33533921898159,22.7,0.95
2023-11-01,VTP,-0.0451538786089872,38.322749082028295,40.135,0.95
2023-12-01,AAA,0.014085224335517106,8.832682303962356,8.71,0.95
2023-12-01,ACB,-0.0053069488790666725,15.323246452517978,15.405,0.95
2023-12-01,ANV,0.027293514396516255,14.978966733415604,14.581,0.95
2023-12-01,BCG,0.04109670443259713,8.120554294574257,7.8,0.95
2023-12-01,BCM,-0.0006690178496153547,57.288647213735096,57.327,0.95
2023-12-01,BID,0.02696410972507076,33.43795141264831,32.56,0.95
2023-12-01,BMP,0.03652613620764114,78.54898712795126,75.781,0.95
2023-12-01,BSI,0.11283047408148837,46.13238730304809,41.455,0.95
2023-12-01,BVH,-0.001917575116789199,38.71661534364463,38.791,0.95
2023-12-01,BWE,-0.019289777407157753,35.67431505703723,36.376,0.95
2023-12-01,CII,0.03515392010617957,16.157717538937355,15.609,0.95
2023-12-01,CMG,0.0401959386638909,35.78898146566983,34.406,0.95
2023-12-01,CTD,0.03410515128564839,63.67502469041379,61.575,0.95
2023-12-01,CTG,0.008821218738976587,26.53199805283509,26.3,0.95
2023-12-01,CTR,0.062076737681392435,92.32739288338112,86.931,0.95
2023-12-01,CTS,0.11316382606842997,30.66766340818525,27.55,0.95
2023-12-01,DBC,0.1208363660531242,24.203340488551166,21.594,0.95
2023-12-01,DCM,0.052521699401347426,31.962978967420113,30.368,0.95
2023-12-01,DGC,0.049662300344536836,94.06758636997637,89.617,0.95
2023-12-01,DGW,0.03318802261388172,39.98024372306676,38.696,0.95
2023-12-01,DIG,0.07007266086820603,25.33825053669825,23.679,0.95
2023-12-01,DPM,0.0046853510104391625,31.60740114278842,31.46,0.95
2023-12-01,DXG,0.053549630192986586,18.99866048127013,18.033,0.95
2023-12-01,DXS,0.05025470072230733,7.27826507600559,6.93,0.95
2023-12-01,EIB,0.019105205357342444,17.148483290548,16.827,0.95
2023-12-01,EVF,0.20494688764516678,19.188779185749283,15.925,0.95
2023-12-01,FPT,0.014561766022277978,80.39996171020142,79.246,0.95
2023-12-01,FRT,0.025622708922240903,105.63913901899082,103.0,0.95
2023-12-01,FTS,0.08629272027377809,29.581923358495523,27.232,0.95
2023-12-01,GAS,-0.008813955567396855,70.08379164369606,70.707,0.95
2023-12-01,GEX,0.07495517767210383,21.901136789891442,20.374,0.95
2023-12-01,GMD,0.026993513016515463,59.794643308360584,58.223,0.95
2023-12-01,GVR,0.05909486866994425,21.144829052995437,19.965,0.95
2023-12-01,HAG,0.19674104121406702,14.121544286325992,11.8,0.95
2023-12-01,HCM,0.013824435131965889,19.25252602315603,18.99,0.95
2023-12-01,HDB,0.005507521697026091,14.64722806856058,14.567,0.95
2023-12-01,HDC,0.025971282873759625,27.453965558418936,26.759,0.95
2023-12-01,HDG,0.01746810772665109,24.91168914957933,24.484,0.95
2023-12-01,HHV,0.033076027493678155,14.41450981161929,13.953,0.95
2023-12-01,HPG,0.028186817684995816,25.14430862648657,24.455,0.95
2023-12-01,HSG,0.06367112348603848,21.90205210370102,20.591,0.95
2023-12-01,HT1,0.014115370333400547,12.422913286584157,12.25,0.95
2023-12-01,IMP,-0.024532960160755884,23.998440114125085,24.602,0.95
2023-12-01,KBC,0.03428516312235366,32.63169689651026,31.55,0.95
2023-12-01,KDC,-0.008262473870919482,60.76673343850715,61.273,0.95
2023-12-01,KDH,0.030061381187515085,29.544220535220305,28.682,0.95
2023-12-01,KOS,0.012788540002878707,39.245555925111546,38.75,0.95
2023-12-01,LPB,-0.005583058415167211,12.134869938159714,12.203,0.95
2023-12-01,MBB,-0.015018811771285985,14.917540095723874,15.145,0.95
2023-12-01,MSB,-0.02894422614700303,9.561015149356608,9.846,0.95
2023-12-01,MSN,-0.011491145915978308,60.79329452616733,61.5,0.95
2023-12-01,MWG,-0.006618533760398901,38.18955708811523,38.444,0.95
2023-12-01,NAB,-0.0030301235516369185,11.166062616221666,11.2,0.95
2023-12-01,NKG,0.08927440134419244,19.431566045579046,17.839,0.95
2023-12-01,NLG,0.04810164699972064,38.54917857664972,36.78,0.95
2023-12-01,NT2,0.002871313189573366,22.421193948979294,22.357,0.95
2023-12-01,OCB,0.0006556214689800851,11.132293788842404,11.125,0.95
2023-12-01,PAN,0.01793748485771228,18.940762780747452,18.607,0.95
2023-12-01,PC1,0.06674720698163554,25.00028754282161,23.436,0.95
2023-12-01,PDR,0.08610111186192027,26.495436623871548,24.395,0.95
2023-12-01,PHR,0.025924967871515187,46.09993843130654,44.935,0.95
2023-12-01,PLX,0.01798683878092177,34.4853221505425,33.876,0.95
2023-12-01,PNJ,0.03533759365287163,80.97685921237205,78.213,0.95
2023-12-01,POW,-0.0003090964743773677,11.296507209839536,11.3,0.95
2023-12-01,PPC,0.04238961775432422,12.088592397096896,11.597,0.95
2023-12-01,PTB,0.010749557294751917,55.01105540532418,54.426,0.95
2023-12-01,PVD,0.04159224223334724,29.529140067315396,28.35,0.95
2023-12-01,PVT,0.055597136995750425,25.064098420827097,23.744,0.95
2023-12-01,REE,0.005956226840236936,48.65709673603542,48.369,0.95
2023-12-01,SAB,-0.007011069200383536,58.832608172015675,59.248,0.95
2023-12-01,SBT,-0.009774200600701619,12.512493201209534,12.636,0.95
2023-12-01,SCS,-0.0004577072428194821,58.95200488452575,58.979,0.95
2023-12-01,SHB,0.0005630941592243265,9.367271687518658,9.362,0.95
2023-12-01,SIP,0.03812738351935102,50.45299083904046,48.6,0.95
2023-12-01,SJS,0.09171865789858849,79.47711829501723,72.8,0.95
2023-12-01,SSB,-0.040219457115609904,19.181214149544534,19.985,0.95
2023-12-01,SSI,0.03665226266473626,25.89764682589044,24.982,0.95
2023-12-01,STB,-0.024778149179280923,26.818600897569777,27.5,0.95
2023-12-01,SZC,0.12128457474647758,38.94221328094517,34.73,0.95
2023-12-01,TCB,-0.021910956557842972,14.109912540696557,14.426,0.95
2023-12-01,TCH,0.04642021202565505,12.766326586712992,12.2,0.95
2023-12-01,TLG,-7.232673182965953e-05,43.18387642543247,43.187,0.95
2023-12-01,TPB,0.011886413630782945,13.078631896177871,12.925,0.95
2023-12-01,VCB,-0.018941439349685674,55.780046582894926,56.857,0.95
2023-12-01,VCG,0.029166136098736195,20.131518788227382,19.561,0.95
2023-12-01,VCI,0.04732542133839586,33.53431266583409,32.019,0.95
2023-12-01,VGC,0.0820650955128498,57.98570433834259,53.588,0.95
2023-12-01,VHC,-0.020022430850595883,52.00250970691313,53.065,0.95
2023-12-01,VHM,-0.014921039404995149,40.289729488335695,40.9,0.95
2023-12-01,VIB,-0.005361330971042727,14.593338551992861,14.672,0.95
2023-12-01,VIC,-0.01992181500387938,41.26129158833668,42.1,0.95
2023-12-01,VIX,0.09925310755481595,14.683823010717232,13.358,0.95
2023-12-01,VJC,-0.009844917449298114,104.36234570084397,105.4,0.95
2023-12-01,VND,0.05290673411611822,19.096569436664037,18.137,0.95
2023-12-01,VNM,-0.013846197593727329,61.13364651876965,61.992,0.95
2023-12-01,VPB,-0.01045335533552181,17.65351214081429,17.84,0.95
2023-12-01,VPI,0.007129690417380452,46.325951499818665,45.998,0.95
2023-12-01,VRE,-0.024228747144136226,22.247584565113694,22.8,0.95
2023-12-01,VTP,0.029910305183359742,48.208041565022704,46.808,0.95
2024-02-01,AAA,0.0637521446754335,11.032173492428921,10.371,0.95
2024-02-01,ACB,0.020142226541937633,18.614535207710734,18.247,0.95
2024-02-01,ANV,-0.023777027751455515,14.59453343511574,14.95,0.95
2024-02-01,BCG,-0.010171106694077572,7.441533619873924,7.518,0.95
2024-02-01,BCM,0.045791006558543776,67.98687333637093,65.01,0.95
2024-02-01,BID,0.042208413916469116,40.69511193819637,39.047,0.95
2024-02-01,BMP,0.017944400615083594,94.7451750872489,93.075,0.95
2024-02-01,BSI,0.06644475600929224,51.18934828844603,48.0,0.95
2024-02-01,BVH,0.011912287645053686,40.785124753533886,40.305,0.95
2024-02-01,BWE,0.022808340657171456,37.336595667349386,36.504,0.95
2024-02-01,CII,0.03499210629378277,17.397182314692195,16.809,0.95
2024-02-01,CMG,-0.029708396040811734,35.75233473108421,36.847,0.95
2024-02-01,CTD,-0.02099164990979476,64.81524781772204,66.205,0.95
2024-02-01,CTG,0.06168521740126525,34.027011217710545,32.05,0.95
2024-02-01,CTR,0.008246430208427226,93.30715763720869,92.544,0.95
2024-02-01,CTS,0.04694880607795211,32.35071810780872,30.9,0.95
2024-02-01,DBC,-0.006042846889674446,23.08763675244664,23.228,0.95
2024-02-01,DCM,0.0025080983180301502,30.729880737742576,30.653,0.95
2024-02-01,DGC,-0.018477285933377916,86.569321857962,88.199,0.95
2024-02-01,DGW,-0.0028821924390974194,41.13210667969479,41.251,0.95
2024-02-01,DIG,0.010188927379161576,26.112373583823945,25.849,0.95
2024-02-01,DPM,-0.015307002984128544,30.88588054439982,31.366,0.95
2024-02-01,DXG,-0.019995218220026503,17.488185330863626,17.845,0.95
2024-02-01,DXS,-0.033609515512710186,6.890364154394376,7.13,0.95
2024-02-01,EIB,0.006840166530808466,17.21998736817642,17.103,0.95
2024-02-01,EVF,-0.017462859228249538,14.738057111576257,15.0,0.95
2024-02-01,FPT,0.0071662255365263165,86.2919878715185,85.678,0.95
2024-02-01,FRT,0.06768910369732867,126.20085205702425,118.2,0.95
2024-02-01,FTS,0.04891343805411913,32.25933278735443,30.755,0.95
2024-02-01,GAS,-0.005634425425409982,68.31788680114721,68.705,0.95
2024-02-01,GEX,-0.005900298455760119,19.928716716857377,20.047,0.95
2024-02-01,GMD,-0.014564951739493886,56.39447694185225,57.228,0.95
2024-02-01,GVR,0.0539245717966894,25.00963008873544,23.73,0.95
2024-02-01,HAG,0.053837936775276554,15.12257439272522,14.35,0.95
2024-02-01,HCM,0.037427042476634746,25.66698245791442,24.741,0.95
2024-02-01,HDB,0.038024281694186465,18.111447667000167,17.448,0.95
2024-02-01,HDC,-0.025695603679151663,24.608006137875666,25.257,0.95
2024-02-01,HDG,-0.015143640900553012,23.143139582477904,23.499,0.95
2024-02-01,HHV,-0.016652147037839533,14.422762959396007,14.667,0.95
2024-02-01,HPG,0.006502609035874841,25.482633055570282,25.318,0.95
2024-02-01,HSG,0.024646596079634243,22.21433820300647,21.68,0.95
2024-02-01,HT1,0.004288363619672856,12.603818963426896,12.55,0.95
2024-02-01,IMP,0.020512148691799535,28.405955658836245,27.835,0.95
2024-02-01,KBC,-0.01885194892257833,30.75899140127717,31.35,0.95
2024-02-01,KDC,-0.00965500350822131,60.19316888677031,60.78,0.95
2024-02-01,KDH,-0.00046282127606928633,27.71516689165715,27.728,0.95
2024-02-01,KOS,-0.00017538201913716057,39.393089948446,39.4,0.95
2024-02-01,LPB,0.04283657237945319,14.887534907289075,14.276,0.95
2024-02-01,MBB,0.03985127099501994,19.375548732450202,18.633,0.95
2024-02-01,MSB,0.0028781526686866878,10.413886737311643,10.384,0.95
2024-02-01,MSN,-0.010897800300535668,64.39055320043512,65.1,0.95
2024-02-01,MWG,0.025933997389868988,47.02368477036464,45.835,0.95
2024-02-01,NAB,0.007890709401080947,12.739738566829663,12.64,0.95
2024-02-01,NKG,0.003990362884464295,18.770603824487946,18.696,0.95
2024-02-01,NLG,0.021547520286605115,39.44092821074554,38.609,0.95
2024-02-01,NT2,0.024192850686227823,24.622620323347604,24.041,0.95
2024-02-01,OCB,0.028778645428292986,12.687927034067139,12.333,0.95
2024-02-01,PAN,0.041204668411519416,23.04394172128375,22.132,0.95
2024-02-01,PC1,0.049960282382433684,27.574056935927473,26.262,0.95
2024-02-01,PDR,0.008169742183985938,25.73252449950406,25.524,0.95
2024-02-01,PHR,0.037304462611827856,53.15770449100574,51.246,0.95
2024-02-01,PLX,-0.012565798340863767,32.880571481047575,33.299,0.95
2024-02-01,PNJ,0.04617346376520466,93.44002908965302,89.316,0.95
2024-02-01,POW,0.0006179886850509112,11.357014171575326,11.35,0.95
2024-02-01,PPC,0.021140691546820693,13.006268988231854,12.737,0.95
2024-02-01,PTB,-0.017813191741774478,51.80740757519663,52.747,0.95
2024-02-01,PVD,-0.00477400914295075,27.418476048111707,27.55,0.95
2024-02-01,PVT,0.0005662489377004001,23.532317608765773,23.519,0.95
2024-02-01,REE,-0.010605256893161762,46.26904516139129,46.765,0.95
2024-02-01,SAB,-0.030278020857447074,52.053706118393094,53.679,0.95
2024-02-01,SBT,0.008836989670901393,12.33504987270611,12.227,0.95
2024-02-01,SCS,0.035310514147658706,69.02932853079514,66.675,0.95
2024-02-01,SHB,0.02308422293284356,10.240049987334832,10.009,0.95
2024-02-01,SIP,0.10877378894980086,73.9973451269318,66.738,0.95
2024-02-01,SJS,-0.007603668991133337,67.18523160930027,67.7,0.95
2024-02-01,SSB,-0.008974284275343875,19.849254060249137,20.029,0.95
2024-02-01,SSI,0.005667797728746865,27.20431959636033,27.051,0.95
2024-02-01,STB,0.022424396485048,30.468247015254427,29.8,0.95
2024-02-01,SZC,0.05851245159226802,43.02323859496774,40.645,0.95
2024-02-01,TCB,0.025181465694002765,16.975979890426995,16.559,0.95
2024-02-01,TCH,0.014299028528496249,13.845181739413976,13.65,0.95
2024-02-01,TLG,-0.0009806084441538153,40.081657008612105,40.121,0.95
2024-02-01,TPB,0.0034678796801681975,13.53878863264483,13.492,0.95
2024-02-01,VCB,0.025138689989826768,61.57700569161892,60.067,0.95
2024-02-01,VCG,0.021045796539931362,22.34865039466602,21.888,0.95
2024-02-01,VCI,0.004009637889299692,32.8692675252199,32.738,0.95
2024-02-01,VGC,0.010201553473007777,53.44875399270337,52.909,0.95
2024-02-01,VHC,-0.01174572657927042,60.13626079192481,60.851,0.95
2024-02-01,VHM,-0.023313408323597226,40.2394875770678,41.2,0.95
2024-02-01,VIB,0.0191756710099009,16.76645896378388,16.451,0.95
2024-02-01,VIC,-0.02398444427842924,41.33425878480852,42.35,0.95
2024-02-01,VIX,0.016223330083503015,14.143796308102194,13.918,0.95
2024-02-01,VJC,-0.013163945012160269,104.1112038012171,105.5,0.95
2024-02-01,VND,-0.019672549292380558,18.113510306724685,18.477,0.95
2024-02-01,VNM,-0.005760912065593923,61.277937706661255,61.633,0.95
2024-02-01,VPB,0.00797786817746032,17.842216244609226,17.701,0.95
2024-02-01,VPI,0.010892808506705867,47.34112111517755,46.831,0.95
2024-02-01,VRE,0.0027829724200214385,22.713034325313483,22.65,0.95
2024-02-01,VTP,0.07811095928090836,70.67125149182283,65.551,0.95
2024-03-01,AAA,0.055187255675418156,11.399187923061545,10.803,0.95
2024-03-01,ACB,0.034525945411642105,20.184635720926547,19.511,0.95
2024-03-01,ANV,0.07814672995693892,18.26919633912033,16.945,0.95
2024-03-01,BCG,0.01969986319720551,7.981190829244527,7.827,0.95
2024-03-01,BCM,0.023188694003922213,64.09867892456973,62.646,0.95
2024-03-01,BID,0.05197218033950501,46.5097940371702,44.212,0.95
2024-03-01,BMP,0.05921055568196121,105.85856214541087,99.941,0.95
2024-03-01,BSI,0.05483416465563207,55.81127565192949,52.91,0.95
2024-03-01,BVH,0.02263612838460748,42.766642889044284,41.82,0.95
2024-03-01,BWE,0.007682363079118331,36.52647029689188,36.248,0.95
2024-03-01,CII,0.024642328988036206,17.93329004194861,17.502,0.95
2024-03-01,CMG,0.004446467112046993,37.28203951979785,37.117,0.95
2024-03-01,CTD,-0.0005243110426194813,67.94335785963376,67.979,0.95
2024-03-01,CTG,0.056526289689180026,37.61233591293481,35.6,0.95
2024-03-01,CTR,0.050715553811820524,108.04192825180806,102.827,0.95
2024-03-01,CTS,0.07128522653256719,35.62023378220786,33.25,0.95
2024-03-01,DBC,0.07281829108848081,27.41158015560177,25.551,0.95
2024-03-01,DCM,0.04722030486643762,33.98858221474511,32.456,0.95
2024-03-01,DGC,0.13520658102016875,125.98409115503732,110.979,0.95
2024-03-01,DGW,0.032518025793159246,45.928466823331306,44.482,0.95
2024-03-01,DIG,0.015636037749384244,26.397396257144248,25.991,0.95
2024-03-01,DPM,0.026638688911348976,34.147029431880384,33.261,0.95
2024-03-01,DXG,-0.011458959510413343,17.498164957706173,17.701,0.95
2024-03-01,DXS,-0.025160231689595688,6.833626775855934,7.01,0.95
2024-03-01,EIB,-0.020588453747094646,16.435505157670004,16.781,0.95
2024-03-01,EVF,0.10021251327979355,19.61018783669904,17.824,0.95
2024-03-01,FPT,0.06992666030141641,101.6719207484627,95.027,0.95
2024-03-01,FRT,0.1411418640481361,160.90100283078718,141.0,0.95
2024-03-01,FTS,0.12638829193828782,41.470237744291936,36.817,0.95
2024-03-01,GAS,0.017231407153650184,71.83281304756215,70.616,0.95
2024-03-01,GEX,0.043084328650911836,22.61615441380907,21.682,0.95
2024-03-01,GMD,0.06707428892534976,71.2442819743899,66.766,0.95
2024-03-01,GVR,0.1617856643829667,33.55469355870885,28.882,0.95
2024-03-01,HAG,-0.05476480578860461,12.00448696648472,12.7,0.95
2024-03-01,HCM,0.028841384091908402,26.980336456426205,26.224,0.95
2024-03-01,HDB,0.04480387652207891,19.484547493260248,18.649,0.95
2024-03-01,HDC,0.00879404999308606,25.437750764625658,25.216,0.95
2024-03-01,HDG,0.034002048794703574,26.28846808855654,25.424,0.95
2024-03-01,HHV,0.007280516617306353,15.061865564978582,14.953,0.95
2024-03-01,HPG,0.049743833538899065,29.441115555431963,28.046,0.95
2024-03-01,HSG,0.006260341916315987,21.95861318129785,21.822,0.95
2024-03-01,HT1,0.02617355691197961,13.64810830692933,13.3,0.95
2024-03-01,IMP,0.04706438534416247,31.401460916471432,29.99,0.95
2024-03-01,KBC,0.00691740196087562,31.415822941179314,31.2,0.95
2024-03-01,KDC,0.010310958848639567,63.304064059538064,62.658,0.95
2024-03-01,KDH,0.06447884594072224,33.821686372074566,31.773,0.95
2024-03-01,KOS,0.011966543840585158,40.630456735199495,40.15,0.95
2024-03-01,LPB,-0.016859146761211266,13.368749322341051,13.598,0.95
2024-03-01,MBB,0.03852162813877372,21.20661164659376,20.42,0.95
2024-03-01,MSB,0.07413542910869335,13.013150723651819,12.115,0.95
2024-03-01,MSN,0.04166181410184524,73.43715789418009,70.5,0.95
2024-03-01,MWG,0.016196745228155947,46.980807925388106,46.232,0.95
2024-03-01,NAB,0.042772330462949794,13.764594762110935,13.2,0.95
2024-03-01,NKG,-0.01512864445309639,18.528384811903898,18.813,0.95
2024-03-01,NLG,0.005310551082871854,39.65849592966821,39.449,0.95
2024-03-01,NT2,0.01621783728376108,24.715434020578357,24.321,0.95
2024-03-01,OCB,0.019925673001758838,12.875541695974203,12.624,0.95
2024-03-01,PAN,0.06852342298534557,24.59099805658474,23.014,0.95
2024-03-01,PC1,-0.0001894312637664244,24.692321616078758,24.697,0.95
2024-03-01,PDR,0.011784552068231337,26.5107788332918,26.202,0.95
2024-03-01,PHR,0.07201808531440797,57.37869599836837,53.524,0.95
2024-03-01,PLX,0.022236593817552365,35.31827431639643,34.55,0.95
2024-03-01,PNJ,0.01921331387073323,95.0029114125188,93.212,0.95
2024-03-01,POW,0.022997971212775917,12.020226161750116,11.75,0.95
2024-03-01,PPC,0.0033957535951965705,12.873567518626372,12.83,0.95
2024-03-01,PTB,0.040119856761633224,60.42056247928328,58.09,0.95
2024-03-01,PVD,0.06786130276667385,33.95798942798023,31.8,0.95
2024-03-01,PVT,0.017513190471898452,24.79984899137158,24.373,0.95
2024-03-01,REE,0.05017050016972738,55.22846660392597,52.59,0.95
2024-03-01,SAB,0.0054349209549244305,55.003322785760105,54.706,0.95
2024-03-01,SBT,0.005496100673480588,12.248953498404342,12.182,0.95
2024-03-01,SCS,0.07775298801695671,76.27581222092408,70.773,0.95
2024-03-01,SHB,-0.007929586980193085,10.186579000887377,10.268,0.95
2024-03-01,SIP,0.07750472837788484,77.37238203063079,71.807,0.95
2024-03-01,SJS,0.04653878589599071,79.0136783351473,75.5,0.95
2024-03-01,SSB,0.0010124958518602466,20.225457478686835,20.205,0.95
2024-03-01,SSI,0.03988281770688863,30.321943081515165,29.159,0.95
2024-03-01,STB,0.02719239178625689,32.81879691757091,31.95,0.95
2024-03-01,SZC,0.06131826694925958,45.05083779546217,42.448,0.95
2024-03-01,TCB,0.09589019613674485,22.238899750202965,20.293,0.95
2024-03-01,TCH,-0.001994278746891678,13.173675520541028,13.2,0.95
2024-03-01,TLG,-0.000450884077572706,40.05992946793905,40.078,0.95
2024-03-01,TPB,0.05181797743808475,15.780425115503585,15.003,0.95
2024-03-01,VCB,0.030471308676527146,67.0671946539031,65.084,0.95
2024-03-01,VCG,0.002622496615979281,21.686724601803633,21.63,0.95
2024-03-01,VCI,0.045977785642095786,37.093510212225645,35.463,0.95
2024-03-01,VGC,0.04428180967249473,56.264859623344336,53.879,0.95
2024-03-01,VHC,0.08517933826548914,77.6803925710585,71.583,0.95
2024-03-01,VHM,0.029695141615285366,45.25510147399179,43.95,0.95
2024-03-01,VIB,0.028664879007145604,17.94711614403767,17.447,0.95
2024-03-01,VIC,0.04388866079893013,47.23596190115159,45.25,0.95
2024-03-01,VIX,0.04152055848219721,15.745707803133858,15.118,0.95
2024-03-01,VJC,-0.013739433390471546,101.88071653076429,103.3,0.95
2024-03-01,VND,0.02137130545082319,20.12918568782482,19.708,0.95
2024-03-01,VNM,0.042515395867544076,68.06061761921262,65.285,0.95
2024-03-01,VPB,0.005712786312466403,18.266761337793326,18.163,0.95
2024-03-01,VPI,0.022114152437500447,49.31496362680451,48.248,0.95
2024-03-01,VRE,0.09954676014741039,29.302921157928488,26.65,0.95
2024-03-01,VTP,0.09188019776054973,84.00271113451012,76.934,0.95
2024-04-01,AAA,-0.0012672107174924912,10.693431974847808,10.707,0.95
2024-04-01,ACB,0.01010372583967449,20.16874109384078,19.967,0.95
2024-04-01,ANV,0.006233170610940115,17.075776905267652,16.97,0.95
2024-04-01,BCG,0.014442014510433157,8.17133042688154,8.055,0.95
2024-04-01,BCM,-0.0050542633880056925,63.015883174057265,63.336,0.95
2024-04-01,BID,-0.010731625120642067,42.59294988043076,43.055,0.95
2024-04-01,BMP,-0.010015001796312498,96.53046721984695,97.507,0.95
2024-04-01,BSI,0.04375306779372645,60.158795568427,57.637,0.95
2024-04-01,BVH,-0.008134005253111806,41.09201629636883,41.429,0.95
2024-04-01,BWE,0.01510006593913261,38.91690632797447,38.338,0.95
2024-04-01,CII,0.0185398821339573,18.40501567016061,18.07,0.95
2024-04-01,CMG,-0.010671354014780265,35.82952624300072,36.216,0.95
2024-04-01,CTD,-0.006301230588915946,70.09551119425788,70.54,0.95
2024-04-01,CTG,-0.011881443899198646,34.58414946352805,35.0,0.95
2024-04-01,CTR,0.13258125470618148,149.1790725448794,131.716,0.95
2024-04-01,CTS,0.06021109886714903,40.818127306385236,38.5,0.95
2024-04-01,DBC,0.035012174461329044,28.49388516292039,27.53,0.95
2024-04-01,DCM,0.00910966412186002,33.086687667227544,32.788,0.95
2024-04-01,DGC,0.0468150347272831,122.59460234698157,117.112,0.95
2024-04-01,DGW,0.05475774533304579,52.06917085611114,49.366,0.95
2024-04-01,DIG,0.10860557327672288,35.03637053783755,31.604,0.95
2024-04-01,DPM,0.00030603424404373504,33.697309375579096,33.687,0.95
2024-04-01,DXG,0.05340659238583146,20.415019760437414,19.38,0.95
2024-04-01,DXS,0.04563649028351882,8.166420989114282,7.81,0.95
2024-04-01,EIB,0.005604247907706977,16.828787088735474,16.735,0.95
2024-04-01,EVF,-0.056990360084574046,14.188523042167498,15.046,0.95
2024-04-01,FPT,0.027235174208791416,102.90020187084306,100.172,0.95
2024-04-01,FRT,0.03559593156844723,158.96397549575667,153.5,0.95
2024-04-01,FTS,0.02683687560864772,40.86913448609979,39.801,0.95
2024-04-01,GAS,0.01059997373221262,74.12346567336287,73.346,0.95
2024-04-01,GEX,0.061313409441212954,24.996053419159445,23.552,0.95
2024-04-01,GMD,0.003183402922136524,66.145900855074,65.936,0.95
2024-04-01,GVR,0.07127274119288583,34.97384118172414,32.647,0.95
2024-04-01,HAG,-0.0003743525008965635,12.64526444086366,12.65,0.95
2024-04-01,HCM,0.0058168918793168305,27.727354258437128,27.567,0.95
2024-04-01,HDB,0.021900948731435745,19.629695324182148,19.209,0.95
2024-04-01,HDC,0.07175902180394983,30.812000117841755,28.749,0.95
2024-04-01,HDG,0.018376028315615713,26.89327415575878,26.408,0.95
2024-04-01,HHV,0.0032541739994756593,14.762885170402283,14.715,0.95
2024-04-01,HPG,-0.007455898439493689,27.159976795101695,27.364,0.95
2024-04-01,HSG,0.020653744417444768,22.80446661151897,22.343,0.95
2024-04-01,HT1,7.436093887810058e-06,13.300098900048708,13.3,0.95
2024-04-01,IMP,0.019780157687320693,30.903417898556565,30.304,0.95
2024-04-01,KBC,0.029350407456249297,35.409654016494976,34.4,0.95
2024-04-01,KDC,-0.008849588716343584,61.124245863863095,61.67,0.95
2024-04-01,KDH,0.03760687878067292,35.84516723435713,34.546,0.95
2024-04-01,KOS,-0.03200752857426144,36.20291843132262,37.4,0.95
2024-04-01,LPB,-0.009996292871080581,13.66007115096483,13.798,0.95
2024-04-01,MBB,0.0037500222188697613,21.264444220706753,21.185,0.95
2024-04-01,MSB,-0.04076082908297191,10.624533057077002,11.076,0.95
2024-04-01,MSN,0.004963347280313548,73.76430969037501,73.4,0.95
2024-04-01,MWG,0.02495134175590541,52.26636872150065,50.994,0.95
2024-04-01,NAB,0.0024147300322362912,13.27197102562681,13.24,0.95
2024-04-01,NKG,0.03491075954149729,20.759274925642895,20.059,0.95
2024-04-01,NLG,0.018649048460894404,44.11259704359903,43.305,0.95
2024-04-01,NT2,-0.019289876071656976,23.005498087111068,23.458,0.95
2024-04-01,OCB,-0.007152531536640979,12.286487422234067,12.375,0.95
2024-04-01,PAN,0.03373329759295124,25.207586461804116,24.385,0.95
2024-04-01,PC1,-0.005838690934223437,24.422566718509866,24.566,0.95
2024-04-01,PDR,0.06721287342102171,31.674878083135926,29.68,0.95
2024-04-01,PHR,0.07654444536626206,64.87472136666169,60.262,0.95
2024-04-01,PLX,0.024278824490919868,36.917057392301736,36.042,0.95
2024-04-01,PNJ,0.0227236431443159,99.10294374432735,96.901,0.95
2024-04-01,POW,-0.018602323273493687,11.138863630845847,11.35,0.95
2024-04-01,PPC,-0.010523923941882153,12.556451405177516,12.69,0.95
2024-04-01,PTB,0.04622397361048925,65.14522816480434,62.267,0.95
2024-04-01,PVD,0.025705306310490873,33.69441931229962,32.85,0.95
2024-04-01,PVT,0.040485224291387754,26.669717269036852,25.632,0.95
2024-04-01,REE,0.007572667334084095,53.838637906329446,53.434,0.95
2024-04-01,SAB,-0.020165476138334484,51.955725627764814,53.025,0.95
2024-04-01,SBT,-0.02615115513839863,11.022021226143604,11.318,0.95
2024-04-01,SCS,-0.00761404989278035,69.49480331410838,70.028,0.95
2024-04-01,SHB,-0.014979750557025724,9.732000064496587,9.88,0.95
2024-04-01,SIP,0.03488738181830304,80.25758623477304,77.552,0.95
2024-04-01,SJS,-0.010122096338128725,70.77627011182379,71.5,0.95
2024-04-01,SSB,-0.013770548421238163,19.18906643936797,19.457,0.95
2024-04-01,SSI,0.01834768529667165,30.846769735321484,30.291,0.95
2024-04-01,STB,0.002927565220156568,31.491925547912913,31.4,0.95
2024-04-01,SZC,-0.001945107265545013,42.56005479087537,42.643,0.95
2024-04-01,TCB,0.06503540151189326,24.505399553387154,23.009,0.95
2024-04-01,TCH,0.10256083198449803,17.585845270152742,15.95,0.95
2024-04-01,TLG,0.021539951425344102,42.81171782428474,41.909,0.95
2024-04-01,TPB,-0.012646870538262939,13.992768550731737,14.172,0.95
2024-04-01,VCB,0.0025220802010863805,63.83960354512498,63.679,0.95
2024-04-01,VCG,0.021440134366608087,22.532969364127375,22.06,0.95
2024-04-01,VCI,0.06172463961383205,43.07629207841239,40.572,0.95
2024-04-01,VGC,0.028552005236785923,58.61306457042348,56.986,0.95
2024-04-01,VHC,0.027438467003541172,76.9448667938952,74.89,0.95
2024-04-01,VHM,-0.010472280929191832,42.45073914813767,42.9,0.95
2024-04-01,VIB,0.05636010064832492,20.450075188450924,19.359,0.95
2024-04-01,VIC,0.022608720116876903,48.931827257592566,47.85,0.95
2024-04-01,VIX,0.04465031491010995,17.171961876492386,16.438,0.95
2024-04-01,VJC,-0.008664980819406856,101.81010646984693,102.7,0.95
2024-04-01,VND,-0.002731300777605237,19.40086527467247,19.454,0.95
2024-04-01,VNM,-0.02630733990024495,60.33973414638182,61.97,0.95
2024-04-01,VPB,0.004167512224172469,18.238694524527645,18.163,0.95
2024-04-01,VPI,0.0015038685763312611,48.57093461821491,48.498,0.95
2024-04-01,VRE,-0.007728524334232799,25.501376924610216,25.7,0.95
2024-04-01,VTP,0.11560848147112178,100.71713370721288,90.28,0.95
